City_ID,City,Cloudiness,Country,Date,Humidity,Lat,Lng,Max Temp,Wind Speed
0,ribeira grande,76,PT,1542006157,97,38.52,-28.7,66.52,13.94
1,chuy,88,UY,1542006165,96,-33.69,-53.46,68.82,15.39
2,calatayud,24,ES,1542004200,100,41.35,-1.64,57.2,5.82
3,eregli,64,TR,1542006165,89,37.51,34.05,41.32,3.6
4,tuatapere,64,NZ,1542006166,87,-46.13,167.69,55.41,8.9
5,hervey bay,0,AU,1542006166,85,-25.3,152.85,75.34,17.18
6,athabasca,12,CA,1542006198,57,54.72,-113.29,1.59,5.61
7,jalu,68,LY,1542006167,42,29.03,21.55,67.69,11.81
8,rikitea,12,PF,1542006081,100,-23.12,-134.97,71.74,9.53
9,saint george,40,GR,1542003600,81,39.45,22.34,50.0,8.05
10,mar del plata,0,AR,1542006168,78,-46.43,-67.52,54.37,7.63
11,luderitz,24,NA,1542002400,93,-26.65,15.16,57.2,4.7
12,norman wells,75,CA,1542002400,92,65.28,-126.83,8.6,6.06
13,puerto ayora,20,EC,1542006154,100,-0.74,-90.35,71.16,13.15
14,esperance,20,TT,1542002400,94,10.24,-61.45,77.0,5.32
15,albany,75,US,1542005640,72,42.65,-73.75,30.92,3.36
16,fort nelson,75,CA,1542002400,85,58.81,-122.69,21.2,4.7
17,krasnoturansk,0,RU,1542002400,60,54.32,91.57,6.8,8.95
18,victoria,75,BN,1542004200,74,5.28,115.24,87.8,6.93
19,busselton,36,AU,1542006020,90,-33.64,115.35,67.42,13.78
20,la tuque,0,CA,1542006148,76,47.44,-72.79,11.17,4.05
21,adlay,92,PH,1542006172,100,9.41,125.9,78.99,8.9
22,barrow,92,AR,1542006173,97,-38.31,-60.23,59.59,16.58
23,yellowknife,90,CA,1542002400,85,62.45,-114.38,10.4,5.82
24,raudeberg,75,NO,1542003600,87,61.99,5.14,48.2,10.29
25,airai,32,TL,1542006174,53,-8.93,125.41,84.21,1.03
26,puerto quijarro,12,BO,1542006174,75,-19.0,-57.72,80.56,4.83
27,tadine,20,NC,1542006175,94,-21.55,167.88,76.51,18.63
28,mataura,92,NZ,1542006176,83,-46.19,168.86,53.92,7.56
29,kikwit,92,CD,1542006176,100,-5.04,18.82,71.2,4.27
30,chokurdakh,0,RU,1542006214,32,70.62,147.9,-21.82,2.98
31,narsaq,92,GL,1542001800,35,60.91,-46.05,42.8,19.46
32,nemuro,40,JP,1542002400,61,43.32,145.57,48.2,4.7
33,sovetskiy,0,RU,1542006177,76,56.76,48.47,10.36,7.63
34,bluff,12,AU,1542006178,27,-23.58,149.07,88.84,11.36
35,port alfred,36,ZA,1542006178,81,-33.59,26.89,71.92,18.07
36,ushuaia,75,AR,1542002400,66,-54.81,-68.31,50.0,18.34
37,shingu,75,JP,1542002400,68,33.72,135.99,64.4,10.29
38,punta arenas,40,CL,1542002400,53,-53.16,-70.91,51.8,20.8
39,batagay,0,RU,1542006180,51,67.65,134.64,-9.62,2.75
40,namatanai,48,PG,1542006180,97,-3.66,152.44,85.24,8.75
41,tasiilaq,92,GL,1542001800,55,65.61,-37.64,33.8,21.92
42,avarua,40,CK,1542002400,78,-21.21,-159.78,77.0,10.29
43,butaritari,92,KI,1542006114,100,3.07,172.79,85.11,10.13
44,presidente dutra,64,BR,1542005997,90,-5.29,-44.49,73.77,3.98
45,carnarvon,0,ZA,1542006029,28,-30.97,22.13,72.46,4.5
46,dwarka,0,IN,1542004200,30,28.58,77.04,84.2,4.7
47,quesada,12,ES,1542006183,76,37.84,-3.07,39.07,3.04
48,prince rupert,75,CA,1542002400,100,54.32,-130.32,39.2,4.7
49,faanui,36,PF,1542006184,100,-16.48,-151.75,81.1,15.39
50,imperia,75,IT,1542002100,77,43.88,8.02,59.0,2.24
51,longyearbyen,20,NO,1542001800,57,78.22,15.63,21.2,19.46
52,kapaa,75,US,1542002160,64,22.08,-159.32,75.02,20.8
53,tiksi,0,RU,1542006186,64,71.64,128.87,-3.5,12.55
54,soe,88,EE,1542001800,91,57.91,26.05,37.4,12.75
55,klaksvik,80,FO,1542003600,87,62.23,-6.59,42.8,1.12
56,hithadhoo,8,MV,1542006188,99,-0.6,73.08,83.62,15.84
57,viedma,92,AR,1542006188,99,-40.81,-62.99,54.24,13.56
58,samarai,44,PG,1542006189,100,-10.62,150.67,81.24,12.37
59,tigil,48,RU,1542006189,77,57.8,158.67,16.57,8.63
60,hermanus,20,ZA,1542006190,68,-34.42,19.24,65.8,2.3
61,avera,75,US,1542004500,72,33.19,-82.53,51.8,3.36
62,moose factory,1,CA,1542003840,92,51.26,-80.61,5.0,4.7
63,sept-iles,90,CA,1542002400,73,50.2,-66.38,24.8,9.17
64,anadyr,40,RU,1542002400,77,64.73,177.51,1.4,8.95
65,batemans bay,24,AU,1542006192,73,-35.71,150.18,69.72,8.52
66,isangel,92,VU,1542006156,100,-19.55,169.27,74.35,21.83
67,honiara,90,SB,1542002400,79,-9.43,159.96,84.2,4.7
68,lubango,20,AO,1542006193,68,-14.92,13.49,69.99,1.25
69,qaanaaq,76,GL,1542006194,100,77.48,-69.36,1.9,10.09
70,talnakh,20,RU,1542006194,64,69.49,88.39,-8.63,10.87
71,conakry,20,GN,1542002400,100,9.52,-13.7,78.8,1.36
72,zhigansk,64,RU,1542006113,78,66.77,123.37,4.87,3.53
73,jamestown,44,AU,1542006128,18,-33.21,138.6,87.13,13.27
74,bredasdorp,90,ZA,1542002400,82,-34.53,20.04,66.2,5.82
75,hasaki,75,JP,1542004200,77,35.73,140.83,66.2,2.24
76,wairoa,92,NZ,1542006196,100,-39.04,177.43,57.34,10.13
77,necochea,92,AR,1542006196,97,-38.55,-58.74,59.64,17.18
78,bethel,1,US,1542001980,84,60.79,-161.76,21.02,28.86
79,harper,90,US,1542005700,91,30.3,-99.24,55.94,6.51
80,saint-francois,0,FR,1542004200,59,46.42,3.91,64.4,13.87
81,new norfolk,90,AU,1542004200,63,-42.78,147.06,60.8,16.11
82,uglezavodsk,40,RU,1542002400,70,47.32,142.63,42.8,8.95
83,mahebourg,20,MU,1542006000,65,-20.41,57.7,82.4,13.87
84,pamekasan,24,ID,1542006199,89,-7.16,113.47,87.09,3.04
85,arman,20,RU,1542002400,61,59.7,150.17,14.0,6.71
86,san cristobal,75,EC,1542002400,93,-0.39,-78.55,55.4,4.7
87,sorland,75,NO,1542003600,76,67.67,12.69,50.0,17.22
88,satkhira,20,BD,1542004200,51,22.72,89.08,84.2,9.17
89,kizukuri,75,JP,1542002880,93,40.81,140.39,46.4,5.82
90,castro,0,CL,1542006202,93,-42.48,-73.76,42.4,1.74
91,kroya,20,ID,1542006203,100,-6.5,108.06,81.24,2.19
92,san alejo,0,SV,1542006203,100,13.43,-87.96,79.17,3.53
93,wladyslawowo,75,PL,1542004200,93,54.79,18.4,44.6,3.36
94,east london,40,ZA,1542004260,69,-33.02,27.91,75.2,18.34
95,bandarbeyla,0,SO,1542006204,100,9.49,50.81,81.73,12.88
96,nikolskoye,90,RU,1542002400,74,59.7,30.79,33.8,8.95
97,hay river,40,CA,1542002400,78,60.82,-115.79,14.0,11.41
98,la asuncion,88,EC,1542006205,99,-1.64,-78.74,49.02,2.59
99,cherskiy,0,RU,1542006205,70,68.75,161.3,-5.21,6.4
100,maputo,40,MZ,1542002400,61,-25.97,32.57,77.0,1.12
101,katsuura,75,JP,1542002400,82,33.93,134.5,57.2,3.36
102,cidreira,8,BR,1542006153,96,-30.17,-50.22,68.77,15.39
103,wanning,75,AT,1542003600,93,48.64,13.53,46.4,6.93
104,laguna,0,MX,1542006207,76,27.52,-110.01,60.49,2.48
105,vostok,80,RU,1542006200,78,46.45,135.83,29.53,2.86
106,bahia blanca,92,AR,1542006207,99,-38.72,-62.27,60.76,15.9
107,paita,12,PE,1542006207,89,-5.09,-81.11,67.02,7.11
108,manono,20,CD,1542006208,81,-7.3,27.4,77.64,4.38
109,thompson,90,CA,1542002400,77,55.74,-97.86,1.4,4.7
110,cape town,40,ZA,1542005280,72,-33.93,18.42,64.4,5.82
111,provideniya,75,RU,1542000600,63,64.42,-173.23,28.4,15.66
112,syracuse,90,US,1542002160,81,43.05,-76.15,33.08,3.36
113,clyde river,1,CA,1542002400,83,70.47,-68.59,-11.21,5.82
114,nema,0,RU,1542006209,81,57.51,50.5,10.72,9.57
115,port arthur,90,US,1542005580,77,29.9,-93.93,64.4,10.29
116,lebu,20,ET,1542006000,45,8.96,38.73,68.0,18.34
117,tuktoyaktuk,90,CA,1542002400,71,69.44,-133.03,8.6,10.29
118,hamilton,90,BM,1542002100,88,32.3,-64.78,69.8,14.99
119,cabo san lucas,75,MX,1542001440,88,22.89,-109.91,73.4,5.82
120,weinan,20,CN,1542002400,58,34.5,109.46,57.2,4.47
121,serebryanyy bor,48,RU,1542006211,77,56.8,124.8,23.19,8.34
122,merauke,36,ID,1542006212,56,-8.49,140.4,94.42,13.89
123,vaini,0,IN,1542006080,29,15.34,74.49,90.28,7.34
124,sao filipe,24,CV,1542006212,97,14.9,-24.5,76.69,19.08
125,namibe,0,AO,1542006146,100,-15.19,12.15,75.39,2.08
126,nalut,44,LY,1542006212,97,31.86,10.98,56.89,7.11
127,hammerfest,75,NO,1542003600,80,70.66,23.68,44.6,9.17
128,jinka,8,ET,1542006213,84,5.79,36.57,70.71,2.19
129,hobart,90,AU,1542004200,63,-42.88,147.33,60.8,16.11
130,geraldton,90,CA,1542002400,85,49.72,-86.95,15.8,2.59
131,los llanos de aridane,64,ES,1542004200,77,28.66,-17.92,66.2,2.24
132,haines junction,100,CA,1542006214,96,60.75,-137.51,32.14,3.76
133,neka,75,IR,1542002400,77,36.65,53.3,60.8,4.7
134,severo-kurilsk,64,RU,1542006145,97,50.68,156.12,40.92,10.54
135,lazaro cardenas,68,MX,1542005974,42,28.39,-105.62,57.66,5.99
136,pangnirtung,0,CA,1542006079,98,66.15,-65.72,7.57,9.75
137,khakhea,0,BW,1542006215,25,-24.69,23.5,75.16,14.79
138,linxia,0,CN,1542006027,54,35.6,103.21,45.1,3.04
139,auki,0,NG,1542006215,30,12.18,6.51,59.95,7.34
140,champerico,20,MX,1542006216,91,16.38,-93.6,64.63,2.19
141,san patricio,8,PY,1542006216,70,-26.98,-56.83,76.96,5.77
142,sterling,40,US,1542005760,96,39.0,-77.4,33.08,3.04
143,ketchikan,75,US,1542001980,88,55.34,-131.65,44.96,4.7
144,benghazi,0,LY,1542006217,100,32.12,20.07,71.2,12.15
145,kristinehamn,75,SE,1542003600,100,59.31,14.11,48.2,11.41
146,huanren,0,CN,1542006217,55,41.26,125.37,45.01,3.04
147,torbay,90,CA,1542004260,100,47.66,-52.73,32.0,33.33
148,luanda,0,AO,1542006218,91,-8.83,13.24,77.86,3.38
149,dahanu,0,IN,1542006218,73,19.97,72.73,89.65,5.5
150,kloulklubed,90,PW,1542002100,83,7.04,134.26,80.6,6.93
151,sliven,12,BG,1542006218,80,42.68,26.32,32.41,2.37
152,atuona,76,PF,1542006219,100,-9.8,-139.03,80.56,12.55
153,sola,75,NO,1542003600,87,58.89,5.65,50.0,16.11
154,ilulissat,0,GL,1542001800,65,69.22,-51.1,8.6,9.17
155,hilo,90,US,1542002160,73,19.71,-155.08,73.94,6.93
156,the valley,40,AI,1542002400,83,18.22,-63.06,78.8,10.29
157,yerbogachen,20,RU,1542006220,61,61.28,108.01,-3.05,3.76
158,port lincoln,92,AU,1542006221,60,-34.72,135.86,73.86,3.76
159,san rafael del sur,8,NI,1542006221,68,11.85,-86.44,80.11,9.53
160,beloomut,0,RU,1542006221,83,54.94,39.34,13.69,9.91
161,gat,0,SN,1542002400,73,14.69,-16.54,69.8,2.24
162,victoria point,20,AU,1542004200,53,-27.58,153.3,78.8,17.22
163,vila franca do campo,40,PT,1542004200,67,37.72,-25.43,60.8,5.82
164,paso de carrasco,0,UY,1542002400,88,-34.86,-56.05,68.0,4.7
165,port elizabeth,1,US,1542002160,92,39.31,-74.98,35.96,2.98
166,shimoda,75,JP,1542002700,82,34.7,138.93,69.8,3.36
167,laerdalsoyri,75,NO,1542003600,100,61.1,7.48,41.0,13.87
168,jiblah,0,YE,1542006224,46,13.92,44.15,69.94,1.36
169,santa maria,24,BR,1542006225,69,-29.69,-53.81,70.84,6.4
170,arraial do cabo,48,BR,1542006225,99,-22.97,-42.02,72.28,11.88
171,amnat charoen,0,TH,1542006225,67,15.86,104.63,90.28,2.82
172,odesskoye,76,RU,1542006226,79,54.21,72.97,14.64,16.06
173,coronado,64,PA,1542006226,100,8.53,-79.9,79.57,10.87
174,kruisfontein,20,ZA,1542006149,84,-34.0,24.73,68.01,12.93
175,piacabucu,92,BR,1542006227,93,-10.41,-36.43,74.53,6.22
176,kuryk,92,KZ,1542006227,100,43.18,51.68,41.05,25.19
177,tiarei,20,PF,1542004200,61,-17.53,-149.33,77.0,5.82
178,tashtagol,36,RU,1542006227,47,52.76,87.85,-2.51,3.31
179,saldanha,80,PT,1542006151,100,41.42,-6.55,41.41,3.6
180,visby,90,SE,1542003600,93,57.64,18.3,48.2,14.99
181,saint-joseph,90,FR,1542004200,87,43.56,6.97,59.0,2.24
182,broome,0,GB,1542003600,93,52.47,1.45,51.8,6.93
183,praia da vitoria,40,PT,1542002400,82,38.73,-27.07,59.0,16.8
184,sobolevo,80,RU,1542006230,73,54.43,31.9,28.9,18.59
185,batagay-alyta,0,RU,1542006230,28,67.8,130.41,-20.47,2.82
186,kodiak,90,US,1542001980,72,39.95,-94.76,30.92,11.41
187,inhambane,75,MZ,1542002400,50,-23.87,35.38,78.8,14.99
188,alyangula,12,AU,1542006231,87,-13.85,136.42,88.75,14.16
189,clarksburg,90,US,1542005580,66,39.28,-80.34,33.08,2.26
190,aripuana,44,BR,1542006231,94,-9.17,-60.63,74.35,2.19
191,bambous virieux,20,MU,1542006000,65,-20.34,57.76,82.4,13.87
192,eagle pass,92,MX,1542006231,96,28.71,-100.5,50.86,6.11
193,charters towers,36,AU,1542006232,45,-20.07,146.27,83.94,10.92
194,salalah,20,OM,1542001800,69,17.01,54.1,82.4,3.36
195,mahibadhoo,92,MV,1542006232,100,3.78,72.97,82.59,10.09
196,upernavik,36,GL,1542006023,100,72.79,-56.15,18.37,4.38
197,nizhniy kuranakh,0,RU,1542006233,83,58.84,125.49,20.04,4.09
198,nouakchott,80,MR,1542006233,99,18.08,-15.98,71.65,14.79
199,maragogi,92,BR,1542006233,93,-9.01,-35.22,76.02,5.61
200,vestmannaeyjar,20,IS,1542004620,100,63.44,-20.27,37.4,6.93
201,khatanga,56,RU,1542006235,65,71.98,102.47,-14.3,5.28
202,statesboro,90,US,1542004500,79,32.45,-81.78,53.78,3.36
203,vigrestad,75,NO,1542003600,87,58.57,5.7,50.0,16.11
204,iquique,0,CL,1542002400,63,-20.22,-70.14,66.2,6.93
205,leningradskiy,8,RU,1542006236,100,69.38,178.42,5.64,7.85
206,mana,90,RS,1542004200,84,43.52,20.24,42.8,3.83
207,flinders,0,AU,1542002400,53,-34.58,150.85,73.4,16.11
208,turayf,90,SA,1542002400,100,31.68,38.65,48.2,4.7
209,iquitos,0,PE,1542002400,94,-3.75,-73.25,77.0,3.36
210,simbahan,68,PH,1542006238,100,6.3,120.58,81.42,10.76
211,takoradi,0,GH,1542006238,100,4.89,-1.75,79.21,4.99
212,ahuimanu,75,US,1542002220,71,21.44,-157.84,75.92,10.29
213,hwange,0,ZW,1542002400,31,-18.35,26.5,75.2,18.34
214,pevek,0,RU,1542006239,100,69.7,170.27,-1.57,10.54
215,neiba,64,DO,1542006239,94,18.49,-71.42,68.14,2.08
216,solnechnyy,92,RU,1542006239,90,50.72,136.64,33.49,8.41
217,catuday,0,PH,1542006240,89,16.29,119.81,84.57,6.78
218,gillette,90,US,1542005580,88,44.29,-105.5,17.96,5.82
219,melilla,75,EC,1542002400,88,-0.8,-80.23,75.2,6.93
220,ewa beach,20,US,1542002220,68,21.32,-158.01,75.92,4.7
221,evensk,0,RU,1542006240,100,61.92,159.24,14.91,13.94
222,lompoc,1,US,1542004500,60,34.64,-120.46,50.9,3.71
223,touros,24,BR,1542006241,96,-5.2,-35.46,76.96,12.03
224,shubarkuduk,0,KZ,1542006241,64,49.15,56.49,14.01,8.34
225,narathiwat,20,TH,1542002400,70,6.43,101.8,87.8,8.05
226,srednekolymsk,0,RU,1542006242,36,67.46,153.71,-23.89,2.3
227,antipovka,0,RU,1542006242,77,49.83,45.31,17.34,16.13
228,daru,92,SL,1542006243,95,7.99,-10.85,74.08,3.6
229,mount isa,90,AU,1542004200,30,-20.73,139.49,95.0,8.05
230,dunedin,80,NZ,1542006144,96,-45.87,170.5,52.26,3.31
231,sioni,90,GE,1542004200,93,41.99,45.02,48.2,2.48
232,marabba,0,SD,1542006317,22,12.35,32.18,74.71,7.23
233,haverfordwest,92,GB,1542001800,87,51.8,-4.97,51.8,24.16
234,codrington,0,AU,1542006246,62,-28.95,153.24,71.52,7.78
235,andilamena,0,MG,1542006246,59,-17.01,48.57,76.33,3.87
236,port hardy,40,CA,1542002400,93,50.7,-127.42,39.2,4.7
237,ibotirama,92,BR,1542006247,92,-12.18,-43.22,71.74,3.27
238,mattru,20,SL,1542006248,99,7.62,-11.83,72.01,2.59
239,alice springs,0,AU,1542004200,12,-23.7,133.88,98.6,5.82
240,rostovka,40,RU,1542002400,78,55.02,73.58,12.2,15.66
241,tsogni,20,GA,1542006249,100,-2.79,10.1,76.74,4.76
242,nuevo progreso,90,US,1542005760,96,26.05,-97.95,60.08,8.05
243,lishui,92,CN,1542006209,92,28.45,119.91,59.01,2.53
244,waingapu,80,ID,1542006251,100,-9.65,120.26,79.3,3.31
245,saint-philippe,90,CA,1542005700,84,45.36,-73.48,26.6,2.86
246,killam,0,CA,1542006251,50,52.79,-111.86,-10.25,3.31
247,bodden town,88,KY,1542006324,98,19.28,-81.25,83.49,20.15
248,orsha,90,BY,1542002400,92,54.51,30.43,30.2,17.9
249,gazanjyk,80,TM,1542006253,79,39.24,55.52,42.09,11.59
250,cairo,0,EG,1542004200,68,30.05,31.24,68.0,4.7
251,marienburg,44,DE,1542003600,87,52.12,9.98,51.8,4.7
252,san carlos del zulia,36,VE,1542006254,97,9.0,-71.91,77.19,2.53
253,aklavik,90,CA,1542002400,84,68.22,-135.01,8.6,6.93
254,waitati,80,NZ,1542006255,96,-45.75,170.57,52.26,3.31
255,kaitangata,92,NZ,1542006091,100,-46.28,169.85,53.11,4.83
256,vallenar,8,CL,1542006255,91,-28.58,-70.76,43.3,0.85
257,kyaikto,76,MM,1542006256,76,17.31,97.01,87.49,2.75
258,hambantota,32,LK,1542006247,99,6.12,81.12,83.62,9.91
259,khani,0,GE,1542004200,81,41.96,42.96,53.6,4.7
260,yanliang,20,CN,1542002400,58,34.66,109.22,57.2,4.47
261,husavik,0,CA,1542006258,91,50.56,-96.99,15.4,15.61
262,naze,20,NG,1542002400,100,5.43,7.07,73.4,3.2
263,georgetown,0,GY,1542002400,100,6.8,-58.16,71.6,2.24
264,conceicao do araguaia,12,BR,1542006259,78,-8.26,-49.26,77.01,6.22
265,rengo,0,CL,1542002400,71,-34.41,-70.86,57.2,0.81
266,ivanovskaya,75,RU,1542002400,80,45.27,38.46,35.6,13.42
267,manta,0,RO,1542006261,71,45.1,24.1,26.56,2.08
268,mayumba,56,GA,1542006261,100,-3.44,10.65,76.78,3.27
269,pontianak,75,ID,1542004200,79,-0.02,109.34,84.2,6.93
270,annau,75,TM,1542002400,57,37.89,58.52,48.2,11.41
271,fortuna,0,ES,1542004200,93,38.18,-1.13,50.0,2.37
272,ormara,0,PK,1542006263,90,25.21,64.64,79.62,5.28
273,venado tuerto,92,AR,1542006004,100,-33.75,-61.97,70.21,5.28
274,taree,0,AU,1542002400,46,-31.91,152.46,73.4,11.41
275,albanel,40,CA,1542002400,92,48.88,-72.44,6.8,3.36
276,pisco,0,PE,1542002400,82,-13.71,-76.2,64.4,4.7
277,ngunguru,32,NZ,1542006264,100,-35.62,174.5,62.47,5.21
278,sassandra,20,CI,1542006264,100,4.95,-6.09,81.64,6.11
279,caravelas,80,BR,1542006265,100,-17.73,-39.27,75.25,14.67
280,ballina,75,IE,1542002400,100,54.11,-9.15,44.6,13.87
281,jega,0,NG,1542006265,64,12.22,4.38,61.75,2.71
282,te anau,64,NZ,1542006266,68,-45.41,167.72,53.92,6.11
283,mangit,64,UZ,1542002400,66,40.6,70.96,48.2,2.86
284,dalianwan,40,CN,1542004200,47,39.03,121.69,57.2,8.95
285,huai yot,40,TH,1542002400,59,7.79,99.63,89.6,6.93
286,qeshm,20,IR,1542004200,51,26.96,56.27,82.4,4.7
287,bontang,32,ID,1542006267,93,0.12,117.47,85.02,6.4
288,presidencia roque saenz pena,48,AR,1542006267,89,-26.79,-60.44,75.25,13.44
289,kita,75,JP,1542004200,82,35.76,139.74,66.2,1.12
290,ust-kulom,92,RU,1542006268,75,61.69,53.69,18.73,10.54
291,buarcos,20,PT,1542002400,100,40.16,-8.88,48.2,3.36
292,alofi,44,NU,1542002400,88,-19.06,-169.92,77.0,5.82
293,buala,76,SB,1542006269,93,-8.15,159.59,82.36,8.79
294,strathmore,40,CA,1542003300,92,51.04,-113.4,19.4,9.17
295,velikiy ustyug,0,RU,1542006270,86,60.76,46.3,14.46,11.59
296,gloversville,75,US,1542005460,72,43.05,-74.34,30.92,3.36
297,bogorodskoye,80,RU,1542006271,82,52.37,140.44,34.03,7.9
298,bosaso,0,SO,1542002400,83,11.28,49.18,78.8,9.17
299,mataram,92,ID,1542006263,81,-5.32,105.06,81.19,2.82
300,cap malheureux,20,MU,1542006000,65,-19.98,57.61,82.4,13.87
301,mastic beach,1,US,1542004500,91,40.77,-72.85,33.08,6.29
302,lavrentiya,44,RU,1542006272,100,65.58,-170.99,31.29,33.69
303,coquimbo,75,CL,1542002400,87,-29.95,-71.34,59.0,8.05
304,mercedes,88,UY,1542006273,80,-33.25,-58.03,73.32,8.57
305,sur,0,OM,1542006273,88,22.57,59.53,83.17,4.76
306,elmira,75,US,1542002160,84,42.09,-76.81,35.06,3.49
307,yate,0,GB,1542003600,100,51.54,-2.41,50.0,6.93
308,ozinki,0,RU,1542006274,66,51.2,49.73,15.72,9.53
309,sitka,92,US,1542006274,91,37.17,-99.65,29.8,18.14
310,kavieng,48,PG,1542006275,100,-2.57,150.8,84.57,6.33
311,kerema,0,PG,1542006275,59,-7.96,145.78,86.32,4.38
312,maniitsoq,0,GL,1542006276,100,65.42,-52.9,15.67,5.73
313,ubatuba,64,BR,1542006276,100,-23.43,-45.08,67.6,0.85
314,baykit,56,RU,1542006277,71,61.68,96.39,-11.47,10.02
315,grafton,8,AU,1542006278,62,-29.69,152.93,72.1,5.99
316,kongolo,0,CD,1542006278,67,-5.39,27.0,78.58,3.31
317,udachnyy,0,RU,1542006278,53,66.42,112.4,-11.15,3.87
318,mossendjo,92,CG,1542006280,98,-2.95,12.72,73.36,2.82
319,ozernovskiy,0,RU,1542006280,89,51.5,156.52,40.47,21.94
320,stilfontein,0,ZA,1542006000,23,-26.84,26.78,51.8,2.24
321,vila velha,20,BR,1542002400,78,-3.71,-38.6,80.6,12.75
322,coihaique,0,CL,1542002400,81,-45.58,-72.07,50.0,8.05
323,henties bay,0,NA,1542006215,96,-22.12,14.28,61.66,2.86
324,saskylakh,24,RU,1542006259,60,71.97,114.09,-12.68,13.82
325,barcelona,20,ES,1542004200,100,41.38,2.18,55.4,4.7
326,margate,90,AU,1542004200,63,-43.03,147.26,60.8,16.11
327,susanville,1,US,1542004500,49,40.42,-120.65,24.8,5.82
328,alvaraes,44,BR,1542006282,94,-3.22,-64.8,78.31,2.53
329,junin,0,PE,1542002400,43,-16.45,-71.58,50.0,3.36
330,mayo,90,CA,1542002400,79,63.59,-135.9,21.2,8.05
331,dikson,20,RU,1542006200,100,73.51,80.55,3.57,1.52
332,ushtobe,76,KZ,1542006283,82,45.25,77.98,12.52,8.23
333,nizhniy odes,92,RU,1542006283,77,63.64,54.86,23.41,8.52
334,daliao,75,TW,1542004200,62,22.61,120.4,84.2,8.05
335,tabou,12,CI,1542006048,100,4.42,-7.36,81.82,2.3
336,ponta delgada,40,PT,1542004200,67,37.73,-25.67,60.8,5.82
337,cayenne,90,GF,1542004200,94,4.94,-52.33,75.2,5.55
338,la palma,92,CO,1542006285,99,5.36,-74.39,67.74,1.25
339,acapulco,40,MX,1542001620,88,16.86,-99.88,78.8,5.21
340,palauig,0,PH,1542006286,66,15.44,119.9,86.23,3.76
341,youkounkoun,0,GN,1542006286,70,12.53,-13.12,66.66,2.26
342,beloha,12,MG,1542006286,61,-25.17,45.06,76.69,15.95
343,guerrero negro,0,MX,1542006089,68,27.97,-114.04,63.28,13.67
344,killybegs,92,IE,1542006287,100,54.63,-8.45,48.88,21.54
345,la ronge,90,CA,1542002400,78,55.1,-105.3,8.6,9.17
346,isla mujeres,20,MX,1542001500,78,21.23,-86.73,78.8,5.82
347,evansville,40,US,1542004320,61,37.97,-87.56,39.02,7.07
348,sao joao da barra,32,BR,1542006168,100,-21.64,-41.05,75.79,14.12
349,manturovo,0,RU,1542006288,83,58.33,44.76,10.14,5.61
350,makakilo city,20,US,1542002220,68,21.35,-158.09,75.92,4.7
351,uige,76,AO,1542006289,96,-7.61,15.06,70.57,3.09
352,mantamados,20,GR,1542003600,87,39.31,26.33,59.0,8.23
353,kabanjahe,20,ID,1542002400,79,3.1,98.49,84.2,8.05
354,coahuayana,0,MX,1542006279,83,18.62,-100.35,58.56,2.04
355,hualmay,44,PE,1542006262,93,-11.1,-77.61,59.23,4.76
356,gobabis,0,NA,1542002400,12,-22.45,18.97,80.6,6.93
357,conceicao da barra,92,BR,1542006290,100,-18.59,-39.73,73.45,7.4
358,seymchan,8,RU,1542006290,100,62.93,152.39,-26.5,2.26
359,shenjiamen,92,CN,1542006191,100,29.96,122.3,64.14,18.37
360,grand gaube,20,MU,1542006000,65,-20.01,57.66,82.4,13.87
361,goderich,76,CA,1542006290,86,43.74,-81.71,35.83,15.17
362,malaga,40,AU,1542004200,56,-31.86,115.89,73.4,14.99
363,inhuma,20,BR,1542006097,41,-6.67,-41.71,82.59,9.42
364,aswan,0,EG,1542002400,42,24.09,32.9,66.2,5.82
365,la macarena,0,CO,1542006291,98,2.18,-73.79,72.37,2.26
366,myitkyina,32,MM,1542006292,66,25.38,97.4,77.19,2.37
367,banda aceh,0,ID,1542006292,83,5.56,95.32,85.33,1.36
368,vanderhoof,64,CA,1542006292,93,54.02,-124.02,25.39,1.81
369,rosita,80,NI,1542006292,92,13.92,-84.4,73.77,3.83
370,cockburn town,88,TC,1542006293,100,21.46,-71.14,80.61,15.9
371,izyum,64,UA,1542006294,64,49.21,37.25,26.65,15.17
372,paramonga,44,PE,1542006294,100,-10.68,-77.82,63.06,11.81
373,itarema,88,BR,1542006294,91,-2.92,-39.92,76.33,11.81
374,talas,40,TR,1542003600,80,38.69,35.55,41.0,3.2
375,tynset,75,NO,1542003600,93,62.28,10.78,39.2,6.93
376,jau,90,FR,1542004200,93,45.42,-0.97,51.8,6.93
377,portland,1,US,1542005580,35,45.52,-122.67,50.0,13.87
378,lagoa,20,PT,1542004200,93,37.14,-8.45,57.2,8.05
379,saint-leu,0,RE,1542004200,65,-21.15,55.28,82.4,8.05
380,walvis bay,0,NA,1542002400,93,-22.95,14.51,57.2,2.24
381,kalmunai,8,LK,1542006297,76,7.42,81.82,84.84,10.8
382,manutuke,0,NZ,1542006297,71,-38.68,177.91,58.42,11.32
383,sorong,32,ID,1542006297,100,-0.86,131.25,84.43,7.23
384,brewster,1,US,1542004500,100,41.76,-70.08,39.02,3.36
385,kedrovyy,0,RU,1542002400,70,56.17,91.82,-5.81,9.13
386,abonnema,20,NG,1542002400,100,4.71,6.79,73.4,2.75
387,pizarro,92,CO,1542006298,100,4.95,-77.37,77.82,4.61
388,faya,0,SA,1542002400,59,18.39,42.45,68.0,4.7
389,karwar,0,IN,1542006299,28,14.8,74.13,93.21,2.98
390,warmbad,40,DE,1542004200,100,50.67,13.08,48.2,3.36
391,pulandian,40,CN,1542004200,47,39.4,121.96,57.2,8.95
392,olga,1,US,1542002280,35,34.11,-118.17,66.92,2.71
393,takab,92,IR,1542006181,100,36.4,47.11,37.41,2.98
394,phalaborwa,0,ZA,1542006000,87,-23.95,31.14,68.0,8.05
395,muros,40,ES,1542004980,100,42.77,-9.06,41.0,2.24
396,lorengau,44,PG,1542006244,100,-2.02,147.27,83.22,1.97
397,byron bay,0,AU,1542004200,56,-28.65,153.62,73.4,19.46
398,tucurui,68,BR,1542006301,96,-3.77,-49.67,75.21,3.09
399,lekoni,80,GA,1542006301,99,-1.58,14.26,71.79,4.76
400,karratha,0,AU,1542006181,11,-20.74,116.85,101.08,2.98
401,willmar,90,US,1542004500,92,45.12,-95.04,19.4,8.05
402,bose,75,IT,1542003600,100,45.46,8.01,55.4,1.12
403,boda,0,BD,1542006303,56,26.2,88.56,83.67,4.5
404,miandrivazo,0,MG,1542006303,51,-19.53,45.46,83.22,3.98
405,tatarbunary,88,UA,1542006376,84,45.84,29.62,50.37,9.13
406,lima,64,PE,1542006113,77,-12.06,-77.04,55.81,2.48
407,shache,12,CN,1542006305,51,38.42,77.24,52.89,7.11
408,biak,20,ID,1542006300,64,-0.91,122.88,89.79,4.61
409,nanortalik,88,GL,1542006151,88,60.14,-45.24,36.1,36.98
410,padang,12,ID,1542006058,100,-0.92,100.36,83.22,5.21
411,ishigaki,75,JP,1542002400,78,24.34,124.16,78.8,8.05
412,pochutla,8,MX,1542006306,100,15.74,-96.47,81.1,9.31
413,dauriya,0,RU,1542006378,54,49.93,116.85,35.11,7.63
414,sidney,90,US,1542004500,76,47.72,-104.16,14.0,6.93
415,hirara,40,JP,1542002400,74,24.8,125.28,80.6,5.82
416,haradok,90,BY,1542002400,86,55.46,29.99,30.2,15.66
417,sungaipenuh,24,ID,1542006307,72,-2.08,101.38,78.58,1.19
418,brownsville,90,US,1542005760,100,25.91,-97.49,60.08,8.05
419,nara,90,JP,1542002400,59,34.68,135.8,64.4,5.82
420,ahipara,24,NZ,1542006308,78,-35.17,173.16,63.37,10.02
421,bat khela,92,PK,1542006309,100,34.62,71.97,48.07,2.48
422,stawell,88,AU,1542006143,62,-37.06,142.77,72.24,8.75
423,sinazongwe,0,ZM,1542006309,50,-17.26,27.46,78.22,9.08
424,sangar,80,RU,1542006226,75,63.92,127.47,19.77,9.42
425,tarancon,40,ES,1542002400,100,40.01,-3.01,50.0,5.82
426,tynda,56,RU,1542006310,87,55.15,124.74,20.94,2.53
427,antofagasta,20,CL,1542002400,87,-23.65,-70.4,59.0,8.05
428,moyale,8,ET,1542006311,100,3.52,39.05,69.09,4.27
429,egvekinot,8,RU,1542006311,75,66.32,-179.17,-11.92,2.19
430,poum,0,MK,1542006311,75,41.28,20.71,25.71,1.25
431,aloleng,0,PH,1542006312,89,16.13,119.78,84.57,6.78
432,enumclaw,1,US,1542005760,76,47.2,-121.99,42.98,9.17
433,agua branca,56,BR,1542006313,39,-5.89,-42.63,85.47,10.31
434,santa isabel do rio negro,12,BR,1542006313,90,-0.41,-65.02,79.21,0.58
435,north bend,1,US,1542002160,54,43.41,-124.22,51.08,4.7
436,shakawe,0,BW,1542006314,19,-18.36,21.84,76.92,9.35
437,huarmey,20,PE,1542006275,93,-10.07,-78.15,58.11,3.53
438,santiago del estero,92,AR,1542006259,100,-27.8,-64.26,71.92,8.52
439,llangefni,92,GB,1542001800,87,53.26,-4.31,51.8,23.04
440,dafeng,48,CN,1542006176,73,33.2,120.46,61.21,10.76
441,kalemie,8,CD,1542006314,100,-5.95,29.2,75.21,5.1
442,sencha,48,UA,1542006315,70,50.26,33.34,27.1,15.17
443,lanivtsi,92,UA,1542006315,96,49.87,26.08,42.27,11.25
444,gravelbourg,44,CA,1542006315,79,49.88,-106.56,9.55,5.88
445,mabaruma,0,GY,1542006315,99,8.2,-59.78,76.87,5.77
446,raymond terrace,20,AU,1542004200,64,-32.76,151.75,71.6,14.99
447,sovetskoye,80,UA,1542006316,94,45.57,34.49,43.84,12.44
448,severobaykalsk,68,RU,1542006316,78,55.65,109.32,11.76,3.6
449,baie-comeau,1,CA,1542002400,62,49.22,-68.15,24.8,9.17
450,richards bay,0,ZA,1542006000,77,-28.77,32.06,62.6,3.36
451,kirkland lake,90,CA,1542005940,92,48.15,-80.03,14.0,4.7
452,kobelyaky,56,UA,1542006317,64,49.15,34.2,28.18,15.12
453,alta gracia,75,AR,1542002400,100,-31.66,-64.43,68.0,6.93
454,jiazi,40,CN,1542002400,62,19.61,110.49,86.0,13.42
455,kahului,20,US,1542002160,68,20.89,-156.47,75.92,10.29
456,awbari,0,LY,1542006319,77,26.59,12.77,41.59,3.6
457,hami,0,CN,1542006214,67,42.84,93.51,49.42,4.54
458,igbo ora,0,NG,1542006320,95,7.43,3.28,74.04,3.09
459,pokhara,20,NP,1542006392,71,28.21,83.99,61.84,2.48
460,souillac,90,FR,1542004200,93,45.6,-0.6,53.6,6.93
461,ostrovnoy,48,RU,1542006212,93,68.05,39.51,31.24,20.38
462,tolbazy,0,RU,1542002400,85,54.01,55.89,14.0,4.47
463,boueni,0,YT,1542004200,58,-12.9,45.08,84.2,13.87
464,arlit,0,NE,1542006323,42,18.74,7.39,53.74,3.2
465,bereda,0,ES,1542004200,93,43.27,-7.54,46.4,6.93
466,namtsy,80,RU,1542006323,89,62.72,129.66,16.03,5.21
467,carmo do rio claro,64,BR,1542006323,100,-20.97,-46.12,64.0,4.09
468,bethlehem,1,US,1542005460,84,40.62,-75.38,33.08,2.3
469,agadez,0,NE,1542002400,29,16.97,7.99,66.2,9.17
470,osakarovka,8,KZ,1542006325,83,50.56,72.58,7.17,9.42
471,alekseyevka,0,RU,1542002400,85,53.25,50.49,12.2,4.47
472,lashio,0,MM,1542006398,64,22.93,97.75,76.87,1.81
473,voyinka,80,UA,1542006327,94,45.87,33.99,43.84,12.44
474,deputatskiy,32,RU,1542006328,60,69.3,139.9,-3.19,6.73
475,salisbury,20,GB,1542003600,93,51.07,-1.8,50.0,6.93
476,contamana,68,PE,1542006328,94,-7.35,-75.01,76.56,2.26
477,abu zabad,0,SD,1542006401,31,12.35,29.25,69.13,12.03
478,mulege,0,MX,1542006329,100,26.88,-111.98,54.91,3.38
479,roald,75,NO,1542003600,93,62.58,6.12,48.2,5.82
480,kurya,36,RU,1542006330,88,51.6,82.29,-0.49,6.55
481,chulumani,88,BO,1542002400,80,-16.41,-67.53,41.0,2.24
482,russell,90,AR,1542002400,72,-33.01,-68.8,60.8,6.93
483,springdale,90,US,1542002280,52,36.19,-94.13,46.04,6.93
484,sao joao do paraiso,92,BR,1542006332,99,-15.31,-42.01,64.36,3.31
485,lakes entrance,76,AU,1542006333,62,-37.88,147.99,73.45,6.78
486,ponta do sol,92,BR,1542006198,99,-20.63,-46.0,63.82,4.54
487,weiden,90,DE,1542004860,93,49.81,7.3,55.4,3.36
488,ibra,0,OM,1542006334,65,22.69,58.55,80.52,3.38
489,broken hill,88,AU,1542006334,24,-31.97,141.45,88.84,9.53
490,nuevo laredo,90,US,1542005760,96,27.49,-99.5,55.22,4.21
491,calbuco,0,CL,1542002400,100,-41.77,-73.13,46.4,3.31
492,navrongo,8,GH,1542006335,56,10.89,-1.09,68.37,2.59
493,warud,0,IN,1542006282,36,21.47,78.27,84.25,5.77
494,saint-augustin,90,FR,1542004200,93,44.83,-0.61,51.8,4.7
495,boca do acre,12,BR,1542006335,97,-8.76,-67.39,74.71,1.19
496,vung tau,40,VN,1542004200,83,10.35,107.08,82.4,12.75
497,abdulino,0,RU,1542006336,78,53.68,53.66,9.55,3.09
498,neuquen,0,AR,1542002400,76,-38.95,-68.06,55.4,2.24
499,yurginskoye,0,RU,1542006336,73,56.82,67.39,17.97,9.35
500,oudtshoorn,90,ZA,1542004740,100,-33.59,22.2,60.8,5.82
501,tandil,92,AR,1542006337,99,-37.33,-59.14,64.72,9.42
502,pacific grove,1,US,1542004500,33,36.62,-121.92,48.02,6.06
503,baruun-urt,0,MN,1542006337,56,46.68,113.28,39.61,7.9
504,veraval,92,FR,1542004200,100,49.65,0.71,51.8,8.05
505,belaya gora,0,RU,1542006338,42,68.54,146.19,-26.59,2.53
506,zhangye,0,CN,1542006339,79,38.94,100.46,43.89,4.5
507,uvinza,56,TZ,1542006339,84,-5.1,30.39,69.54,2.98
508,axim,0,GH,1542006339,100,4.87,-2.24,81.24,6.55
509,camacha,40,PT,1542004200,63,33.08,-16.33,62.6,14.99
510,mangan,0,IN,1542006340,63,27.5,88.54,39.07,1.52
511,hvizd,90,UA,1542002400,100,48.68,24.55,39.2,4.47
512,pec,90,DE,1542003060,100,49.4,12.83,41.0,1.12
513,pimentel,36,BR,1542006341,89,-3.7,-45.5,76.33,4.99
514,yamada,75,JP,1542002400,77,36.58,137.08,62.6,6.93
515,isla vista,1,US,1542004500,60,34.41,-119.86,64.94,6.73
516,belyy yar,0,RU,1542002400,60,53.6,91.39,6.8,8.95
517,la brea,20,TT,1542002400,94,10.24,-61.62,77.0,10.87
518,luena,20,AO,1542006209,66,-11.78,19.91,66.88,6.73
519,punta cardon,8,VE,1542006343,90,11.61,-70.22,78.99,11.03
520,nicoya,75,CR,1542002400,74,10.15,-85.45,78.8,12.75
521,grindavik,90,IS,1542004200,100,63.84,-22.43,39.2,8.05
522,sao raimundo das mangabeiras,32,BR,1542006344,91,-7.02,-45.48,72.19,3.87
523,araouane,32,ML,1542006309,25,18.9,-3.53,60.99,3.98
524,port hedland,0,AU,1542004200,36,-20.31,118.58,91.4,18.34
525,durban,0,FR,1542004200,87,43.54,0.58,60.8,6.93
526,ziro,20,IN,1542002400,54,27.54,93.82,82.4,4.7
527,jauharabad,20,PK,1542006345,61,32.29,72.28,69.72,5.32
528,zhanaozen,92,KZ,1542006346,76,43.35,52.85,33.67,22.88
529,okha,92,RU,1542006346,100,53.59,142.95,35.56,19.71
530,hofn,92,IS,1542006205,100,64.25,-15.21,42.49,8.9
531,kapchorwa,0,UG,1542006346,93,1.4,34.45,69.49,1.59
532,damghan,68,IR,1542006346,83,36.17,54.34,48.43,2.53
533,malpe,20,IN,1542004200,52,13.35,74.72,89.6,3.36
534,constitucion,44,MX,1542006106,76,23.99,-104.67,51.09,5.61
535,adrar,0,DZ,1542002400,37,27.87,-0.29,55.4,10.29
536,rawson,92,AR,1542006347,89,-43.3,-65.11,52.71,8.3
537,sioux lookout,90,CA,1542003300,85,50.1,-91.92,17.6,8.05
538,wasilla,90,US,1542003720,100,61.58,-149.44,35.96,5.82
539,san andres,76,PH,1542006349,100,13.32,122.68,81.96,17.18
540,banjar,68,ID,1542006349,77,-7.37,108.54,82.72,3.76
541,iqaluit,5,CA,1542002400,70,63.75,-68.52,1.4,14.99
542,qaqortoq,92,GL,1542001800,35,60.72,-46.03,42.8,19.46
543,soroti,12,UG,1542006148,93,1.71,33.61,72.55,4.32
544,atikokan,32,CA,1542006268,97,48.76,-91.62,16.93,7.11
545,dingle,36,PH,1542006351,68,11.0,122.67,86.19,13.11
546,kawalu,68,ID,1542006351,100,-7.38,108.21,73.27,1.86
